tag_id,stap_id,start,end,known_lat,known_lon,include
56C,1,2021-08-15T01:00:00Z,2021-10-08T13:30:00Z,37.01987498,101.585549,TRUE
56C,2,2021-10-08T17:30:00Z,2021-10-10T14:30:00Z,,,TRUE
56C,3,2021-10-10T22:30:00Z,2021-10-12T16:30:00Z,,,TRUE
56C,4,2021-10-12T19:30:00Z,2021-10-20T17:30:00Z,,,TRUE
56C,5,2021-10-20T22:30:00Z,2021-10-28T12:30:00Z,,,TRUE
56C,6,2021-10-28T18:30:00Z,2021-10-29T15:30:00Z,,,TRUE
56C,7,2021-10-29T23:30:00Z,2021-11-05T12:30:00Z,,,TRUE
56C,8,2021-11-05T20:30:00Z,2021-11-08T14:30:00Z,,,TRUE
56C,9,2021-11-08T22:30:00Z,2021-11-09T15:30:00Z,,,TRUE
56C,10,2021-11-09T20:30:00Z,2021-11-23T12:30:00Z,,,TRUE
56C,11,2021-11-23T16:30:00Z,2021-11-24T11:30:00Z,,,FALSE
56C,12,2021-11-24T22:30:00Z,2021-11-25T12:30:00Z,,,FALSE
56C,13,2021-11-25T23:30:00Z,2021-11-26T12:30:00Z,,,FALSE
56C,14,2021-11-26T18:30:00Z,2021-12-04T12:30:00Z,,,FALSE
56C,15,2021-12-04T18:30:00Z,2022-04-09T14:30:00Z,,,TRUE
56C,16,2022-04-09T23:30:00Z,2022-04-10T13:30:00Z,,,TRUE
56C,17,2022-04-10T22:30:00Z,2022-04-11T14:30:00Z,,,TRUE
56C,18,2022-04-11T21:30:00Z,2022-04-12T16:30:00Z,,,TRUE
56C,19,2022-04-12T20:30:00Z,2022-04-14T15:30:00Z,,,TRUE
56C,20,2022-04-14T21:30:00Z,2022-04-19T13:30:00Z,,,TRUE
56C,21,2022-04-19T22:30:00Z,2022-04-20T13:30:00Z,,,TRUE
56C,22,2022-04-20T18:30:00Z,2022-04-22T12:30:00Z,,,TRUE
56C,23,2022-04-22T21:30:00Z,2022-04-23T13:30:00Z,,,TRUE
56C,24,2022-04-23T22:30:00Z,2022-04-24T14:30:00Z,,,FALSE
56C,25,2022-04-24T19:30:00Z,2022-04-26T13:30:00Z,,,FALSE
56C,26,2022-04-26T21:30:00Z,2022-06-05T23:30:00Z,37.01987498,101.585549,TRUE
5CF,1,2021-07-20T01:00:00Z,2021-09-07T14:30:00Z,62.28616,88.97598,TRUE
5CF,2,2021-09-07T19:30:00Z,2021-09-08T13:30:00Z,,,TRUE
5CF,3,2021-09-08T17:30:00Z,2021-09-09T14:30:00Z,,,TRUE
5CF,4,2021-09-09T19:30:00Z,2021-09-10T13:30:00Z,,,TRUE
5CF,5,2021-09-10T22:30:00Z,2021-09-11T13:30:00Z,,,TRUE
5CF,6,2021-09-11T17:30:00Z,2021-09-13T12:30:00Z,,,TRUE
5CF,7,2021-09-13T18:30:00Z,2021-09-14T12:30:00Z,,,TRUE
5CF,8,2021-09-14T21:30:00Z,2021-09-15T11:30:00Z,,,TRUE
5CF,9,2021-09-15T20:30:00Z,2021-09-16T15:30:00Z,,,TRUE
5CF,10,2021-09-16T17:30:00Z,2021-09-20T11:30:00Z,,,TRUE
5CF,11,2021-09-20T14:30:00Z,2021-09-21T11:30:00Z,,,TRUE
5CF,12,2021-09-21T22:30:00Z,2021-09-22T11:30:00Z,,,TRUE
5CF,13,2021-09-22T18:30:00Z,2021-09-25T11:30:00Z,,,TRUE
5CF,14,2021-09-25T20:30:00Z,2021-09-26T12:30:00Z,,,TRUE
5CF,15,2021-09-26T17:30:00Z,2021-09-28T13:30:00Z,,,TRUE
5CF,16,2021-09-28T16:30:00Z,2021-10-09T16:30:00Z,,,TRUE
5CF,17,2021-10-09T22:30:00Z,2021-10-11T12:30:00Z,,,TRUE
5CF,18,2021-10-11T18:30:00Z,2021-10-12T13:30:00Z,,,TRUE
5CF,19,2021-10-12T20:30:00Z,2021-10-13T15:30:00Z,,,TRUE
5CF,20,2021-10-13T18:30:00Z,2021-10-22T13:30:00Z,,,TRUE
5CF,21,2021-10-22T22:30:00Z,2021-10-23T11:30:00Z,,,TRUE
5CF,22,2021-10-23T20:30:00Z,2021-10-24T14:30:00Z,,,TRUE
5CF,23,2021-10-24T18:30:00Z,2021-10-27T12:30:00Z,,,TRUE
5CF,24,2021-10-27T19:30:00Z,2021-10-28T14:30:00Z,,,FALSE
5CF,25,2021-10-28T18:30:00Z,2021-10-29T13:30:00Z,,,FALSE
5CF,26,2021-10-29T15:30:00Z,2022-04-12T13:30:00Z,,,TRUE
5CF,27,2022-04-12T22:30:00Z,2022-04-13T12:30:00Z,,,TRUE
5CF,28,2022-04-13T22:30:00Z,2022-04-18T13:30:00Z,,,TRUE
5CF,29,2022-04-18T19:30:00Z,2022-04-19T16:30:00Z,,,TRUE
5CF,30,2022-04-19T20:30:00Z,2022-04-20T14:30:00Z,,,TRUE
5CF,31,2022-04-20T18:30:00Z,2022-04-26T13:30:00Z,,,TRUE
5CF,32,2022-04-26T20:30:00Z,2022-05-02T12:30:00Z,,,TRUE
5CF,33,2022-05-02T21:30:00Z,2022-05-05T13:30:00Z,,,TRUE
5CF,34,2022-05-05T16:30:00Z,2022-05-14T12:30:00Z,,,TRUE
5CF,35,2022-05-14T17:30:00Z,2022-05-16T12:30:00Z,,,TRUE
5CF,36,2022-05-16T16:30:00Z,2022-05-17T12:30:00Z,,,TRUE
5CF,37,2022-05-17T21:30:00Z,2022-05-18T12:30:00Z,,,TRUE
5CF,38,2022-05-18T21:30:00Z,2022-05-19T12:30:00Z,,,TRUE
5CF,39,2022-05-19T21:30:00Z,2022-05-20T13:30:00Z,,,TRUE
5CF,40,2022-05-20T21:30:00Z,2022-05-21T13:30:00Z,,,TRUE
5CF,41,2022-05-21T20:30:00Z,2022-05-22T14:30:00Z,,,TRUE
5CF,42,2022-05-22T20:30:00Z,2022-05-23T14:30:00Z,,,TRUE
5CF,43,2022-05-23T20:30:00Z,2022-05-24T15:30:00Z,,,TRUE
5CF,44,2022-05-24T20:30:00Z,2022-05-25T15:30:00Z,,,TRUE
5CF,45,2022-05-25T20:30:00Z,2022-05-26T15:30:00Z,,,TRUE
5CF,46,2022-05-26T21:30:00Z,2022-05-27T16:30:00Z,,,TRUE
5CF,47,2022-05-27T19:30:00Z,2022-05-28T16:30:00Z,,,TRUE
5CF,48,2022-05-28T18:30:00Z,2022-06-01T23:30:00Z,62.28616,88.97598,TRUE
5D6,1,2021-08-15T01:00:00Z,2021-10-18T13:30:00Z,37.04525798,101.722533,TRUE
5D6,2,2021-10-18T18:30:00Z,2021-10-24T13:30:00Z,,,TRUE
5D6,3,2021-10-24T23:30:00Z,2021-10-26T13:30:00Z,,,TRUE
5D6,4,2021-10-26T22:30:00Z,2021-10-27T16:30:00Z,,,TRUE
5D6,5,2021-10-27T20:30:00Z,2021-10-28T16:30:00Z,,,TRUE
5D6,6,2021-10-28T19:30:00Z,2021-10-29T17:30:00Z,,,TRUE
5D6,7,2021-10-29T20:30:00Z,2021-11-07T12:30:00Z,,,TRUE
5D6,8,2021-11-07T23:30:00Z,2021-11-09T12:30:00Z,,,TRUE
5D6,9,2021-11-09T23:30:00Z,2021-11-21T13:30:00Z,,,TRUE
5D6,10,2021-11-21T22:30:00Z,2021-11-22T19:30:00Z,,,FALSE
5D6,11,2021-11-22T23:30:00Z,2021-12-04T18:30:00Z,,,FALSE
5D6,12,2021-12-04T20:30:00Z,2022-04-04T13:30:00Z,,,TRUE
5D6,13,2022-04-04T22:30:00Z,2022-04-05T12:30:00Z,,,TRUE
5D6,14,2022-04-05T19:30:00Z,2022-04-06T13:30:00Z,,,TRUE
5D6,15,2022-04-06T17:30:00Z,2022-04-08T14:30:00Z,,,TRUE
5D6,16,2022-04-08T22:30:00Z,2022-04-10T15:30:00Z,,,TRUE
5D6,17,2022-04-10T22:30:00Z,2022-04-12T20:30:00Z,,,TRUE
5D6,18,2022-04-12T22:30:00Z,2022-04-19T13:30:00Z,,,TRUE
5D6,19,2022-04-19T21:30:00Z,2022-04-20T12:30:00Z,,,TRUE
5D6,20,2022-04-20T21:30:00Z,2022-04-21T16:30:00Z,,,TRUE
5D6,21,2022-04-21T18:30:00Z,2022-04-24T13:30:00Z,,,TRUE
5D6,22,2022-04-24T18:30:00Z,2022-05-29T23:30:00Z,37.04525798,101.722533,TRUE
5D7,1,2021-08-15T01:00:00Z,2021-10-06T12:30:00Z,37.04525798,101.722533,TRUE
5D7,2,2021-10-06T15:30:00Z,2021-10-07T11:30:00Z,,,TRUE
5D7,3,2021-10-07T14:30:00Z,2021-10-10T12:30:00Z,,,TRUE
5D7,4,2021-10-10T23:30:00Z,2021-10-17T12:30:00Z,,,TRUE
5D7,5,2021-10-17T17:30:00Z,2021-10-31T11:30:00Z,,,TRUE
5D7,6,2021-10-31T17:30:00Z,2021-11-01T14:30:00Z,,,TRUE
5D7,7,2021-11-01T23:30:00Z,2021-11-02T11:30:00Z,,,TRUE
5D7,8,2021-11-02T13:30:00Z,2021-11-02T19:30:00Z,,,TRUE
5D7,9,2021-11-02T21:30:00Z,2021-11-09T11:30:00Z,,,TRUE
5D7,10,2021-11-09T22:30:00Z,2021-11-30T10:30:00Z,,,TRUE
5D7,11,2021-11-30T23:30:00Z,2021-12-01T11:30:00Z,,,FALSE
5D7,12,2021-12-01T20:30:00Z,2021-12-03T15:30:00Z,,,FALSE
5D7,13,2021-12-03T18:30:00Z,2021-12-12T16:30:00Z,,,FALSE
5D7,14,2021-12-12T22:30:00Z,2022-04-14T13:30:00Z,,,TRUE
5D7,15,2022-04-14T22:30:00Z,2022-04-15T12:30:00Z,,,TRUE
5D7,16,2022-04-15T20:30:00Z,2022-04-16T13:30:00Z,,,TRUE
5D7,17,2022-04-16T16:30:00Z,2022-04-19T12:30:00Z,,,TRUE
5D7,18,2022-04-19T19:30:00Z,2022-04-20T12:30:00Z,,,TRUE
5D7,19,2022-04-20T21:30:00Z,2022-04-22T15:30:00Z,,,TRUE
5D7,20,2022-04-22T17:30:00Z,2022-05-01T12:30:00Z,,,TRUE
5D7,21,2022-05-01T22:30:00Z,2022-05-02T12:30:00Z,,,TRUE
5D7,22,2022-05-02T21:30:00Z,2022-05-03T12:30:00Z,,,TRUE
5D7,23,2022-05-03T17:30:00Z,2022-05-04T12:30:00Z,,,TRUE
5D7,24,2022-05-04T19:30:00Z,2022-05-28T23:30:00Z,37.04525798,101.722533,TRUE
5D8,1,2021-08-15T01:00:00Z,2021-10-24T11:30:00Z,37.00182899,101.751121,TRUE
5D8,2,2021-10-24T17:30:00Z,2021-10-26T11:30:00Z,,,TRUE
5D8,3,2021-10-26T21:30:00Z,2021-10-27T15:30:00Z,,,TRUE
5D8,4,2021-10-27T18:30:00Z,2021-11-09T12:30:00Z,,,TRUE
5D8,5,2021-11-09T21:30:00Z,2021-11-24T13:30:00Z,,,TRUE
5D8,6,2021-11-24T22:30:00Z,2021-11-30T11:30:00Z,,,FALSE
5D8,7,2021-11-30T23:30:00Z,2021-12-01T13:30:00Z,,,FALSE
5D8,8,2021-12-01T18:30:00Z,2021-12-02T18:30:00Z,,,FALSE
5D8,9,2021-12-02T20:30:00Z,2021-12-08T13:30:00Z,,,FALSE
5D8,10,2021-12-08T21:30:00Z,2021-12-15T14:30:00Z,,,FALSE
5D8,11,2021-12-15T18:30:00Z,2021-12-16T20:30:00Z,,,FALSE
5D8,12,2021-12-16T22:30:00Z,2022-04-14T14:30:00Z,,,TRUE
5D8,13,2022-04-14T22:30:00Z,2022-04-15T14:30:00Z,,,TRUE
5D8,14,2022-04-15T21:30:00Z,2022-04-17T13:30:00Z,,,TRUE
5D8,15,2022-04-17T17:30:00Z,2022-04-19T13:30:00Z,,,TRUE
5D8,16,2022-04-19T21:30:00Z,2022-04-20T12:30:00Z,,,TRUE
5D8,17,2022-04-20T16:30:00Z,2022-04-23T13:30:00Z,,,TRUE
5D8,18,2022-04-23T19:30:00Z,2022-04-25T13:30:00Z,,,TRUE
5D8,19,2022-04-25T17:30:00Z,2022-04-26T13:30:00Z,,,TRUE
5D8,20,2022-04-26T21:30:00Z,2022-04-27T15:30:00Z,,,TRUE
5D8,21,2022-04-27T17:30:00Z,2022-05-01T12:30:00Z,,,TRUE
5D8,22,2022-05-01T17:30:00Z,2022-05-02T12:30:00Z,,,TRUE
5D8,23,2022-05-02T21:30:00Z,2022-05-03T13:30:00Z,,,TRUE
5D8,24,2022-05-03T18:30:00Z,2022-05-28T23:30:00Z,37.00182899,101.751121,TRUE
5E5,1,2021-08-15T01:00:00Z,2021-10-26T13:30:00Z,37.044269,101.725552,TRUE
5E5,2,2021-10-26T22:30:00Z,2021-10-29T13:30:00Z,,,TRUE
5E5,3,2021-10-29T21:30:00Z,2021-11-22T10:30:00Z,,,TRUE
5E5,4,2021-11-22T21:30:00Z,2021-11-27T11:30:00Z,,,FALSE
5E5,5,2021-11-27T21:30:00Z,2021-12-03T12:30:00Z,,,FALSE
5E5,6,2021-12-03T23:30:00Z,2021-12-04T11:30:00Z,,,FALSE
5E5,7,2021-12-04T17:30:00Z,2021-12-05T16:30:00Z,,,FALSE
5E5,8,2021-12-05T19:30:00Z,2021-12-08T14:30:00Z,,,FALSE
5E5,9,2021-12-08T17:30:00Z,2022-01-06T18:30:00Z,,,FALSE
5E5,10,2022-01-06T20:30:00Z,2022-03-12T20:30:00Z,,,FALSE
5E5,11,2022-03-12T21:30:00Z,2022-04-13T13:30:00Z,,,TRUE
5E5,12,2022-04-13T23:30:00Z,2022-04-14T13:30:00Z,,,TRUE
5E5,13,2022-04-14T23:30:00Z,2022-04-15T13:30:00Z,,,TRUE
5E5,14,2022-04-15T15:30:00Z,2022-04-20T13:30:00Z,,,TRUE
5E5,15,2022-04-20T22:30:00Z,2022-04-21T12:30:00Z,,,TRUE
5E5,16,2022-04-21T20:30:00Z,2022-04-26T12:30:00Z,,,TRUE
5E5,17,2022-04-26T21:30:00Z,2022-04-28T12:30:00Z,,,TRUE
5E5,18,2022-04-28T22:30:00Z,2022-04-30T13:30:00Z,,,TRUE
5E5,19,2022-04-30T20:30:00Z,2022-05-02T12:30:00Z,,,TRUE
5E5,20,2022-05-02T17:30:00Z,2022-05-28T23:30:00Z,37.044269,101.725552,TRUE
5E7,1,2021-08-15T01:00:00Z,2021-08-25T15:30:00Z,37.04428903,101.724188,TRUE
5E7,2,2021-08-25T21:30:00Z,2021-08-26T13:30:00Z,,,TRUE
5E7,3,2021-08-26T17:30:00Z,2021-08-28T12:30:00Z,,,TRUE
5E7,4,2021-08-28T18:30:00Z,2021-08-29T14:30:00Z,,,TRUE
5E7,5,2021-08-29T16:30:00Z,2021-08-30T18:30:00Z,,,TRUE
5E7,6,2021-08-30T20:30:00Z,2021-10-28T11:30:00Z,,,TRUE
5E7,7,2021-10-28T21:30:00Z,2021-10-29T12:30:00Z,,,TRUE
5E7,8,2021-10-29T22:30:00Z,2021-10-30T11:30:00Z,,,TRUE
5E7,9,2021-10-30T17:30:00Z,2021-11-07T13:30:00Z,,,TRUE
5E7,10,2021-11-07T18:30:00Z,2021-11-08T18:30:00Z,,,TRUE
5E7,11,2021-11-08T21:30:00Z,2021-11-25T10:30:00Z,,,TRUE
5E7,12,2021-11-25T22:30:00Z,2021-11-26T10:30:00Z,,,FALSE
5E7,13,2021-11-27T00:30:00Z,2021-11-27T13:30:00Z,,,FALSE
5E7,14,2021-11-27T17:30:00Z,2021-12-02T12:30:00Z,,,FALSE
5E7,15,2021-12-02T19:30:00Z,2022-04-08T14:30:00Z,,,TRUE
5E7,16,2022-04-08T23:30:00Z,2022-04-09T12:30:00Z,,,TRUE
5E7,17,2022-04-09T22:30:00Z,2022-04-10T13:30:00Z,,,TRUE
5E7,18,2022-04-10T22:30:00Z,2022-04-12T17:30:00Z,,,TRUE
5E7,19,2022-04-12T22:30:00Z,2022-04-13T14:30:00Z,,,TRUE
5E7,20,2022-04-13T22:30:00Z,2022-04-14T17:30:00Z,,,TRUE
5E7,21,2022-04-14T19:30:00Z,2022-04-20T13:30:00Z,,,TRUE
5E7,22,2022-04-20T22:30:00Z,2022-04-21T15:30:00Z,,,TRUE
5E7,23,2022-04-21T21:30:00Z,2022-04-30T13:30:00Z,,,TRUE
5E7,24,2022-04-30T17:30:00Z,2022-05-01T12:30:00Z,,,TRUE
5E7,25,2022-05-01T21:30:00Z,2022-05-02T12:30:00Z,,,TRUE
5E7,26,2022-05-02T18:30:00Z,2022-05-03T12:30:00Z,,,TRUE
5E7,27,2022-05-03T17:30:00Z,2022-05-05T12:30:00Z,,,TRUE
5E7,28,2022-05-05T21:30:00Z,2022-05-06T14:30:00Z,,,TRUE
5E7,29,2022-05-06T16:30:00Z,2022-05-29T23:30:00Z,37.04428903,101.724188,TRUE
